Australia,Black Olives,2022-02-05,2,54
Australia,Black Olives,2022-03-04,3,314
Australia,Black Olives,2022-04-04,4,43
Australia,Black Olives,2022-05-04,5,317
Australia,Black Olives,2022-06-04,6,301
Australia,Black Olives,2022-08-04,8,127
Australia,Black Olives,2022-09-05,9,350
Australia,Black Olives,2022-10-04,10,20
Australia,Black Olives,2022-11-04,11,509
Australia,Black Olives,2022-12-04,12,286
Australia,Box of Ensure Chocolate,2022-01-04,1,98
Australia,Box of Ensure Chocolate,2022-02-05,2,98
Australia,Box of Ensure Chocolate,2022-03-05,3,186
Australia,Box of Ensure Chocolate,2022-05-05,5,133
Australia,Box of Ensure Chocolate,2022-06-05,6,144
Australia,Box of Ensure Chocolate,2022-07-04,7,175
Australia,Box of Ensure Chocolate,2022-09-04,9,105
Australia,Box of Ensure Chocolate,2022-10-05,10,184
Australia,Box of Ensure Chocolate,2022-12-05,12,294
Australia,Box of Ensure Strawberry,2022-01-04,1,216
Australia,Box of Ensure Strawberry,2022-02-04,2,128
Australia,Box of Ensure Strawberry,2022-04-05,4,201
Australia,Box of Ensure Strawberry,2022-07-04,7,448
Australia,Box of Ensure Strawberry,2022-08-05,8,382
Australia,Box of Ensure Strawberry,2022-09-04,9,164
Australia,Box of Ensure Strawberry,2022-10-04,10,114
Australia,Box of Ensure Strawberry,2022-11-05,11,62
Australia,Box of Ensure Strawberry,2022-12-04,12,175
Australia,Box of Ensure Vanilla,2022-02-05,2,110
Australia,Box of Ensure Vanilla,2022-03-04,3,216
Australia,Box of Ensure Vanilla,2022-04-05,4,304
Australia,Box of Ensure Vanilla,2022-05-05,5,78
Australia,Box of Ensure Vanilla,2022-06-04,6,224
Australia,Box of Ensure Vanilla,2022-08-04,8,234
Australia,Box of Ensure Vanilla,2022-09-05,9,23
Australia,Box of Ensure Vanilla,2022-10-04,10,178
Australia,Box of Ensure Vanilla,2022-11-05,11,23
Australia,Box of Ensure Vanilla,2022-12-04,12,543
Australia,Chili Beans,2022-01-04,1,412
Australia,Chili Beans,2022-02-04,2,5
Australia,Chili Beans,2022-03-04,3,61
Australia,Chili Beans,2022-05-05,5,85
Australia,Chili Beans,2022-07-04,7,392
Australia,Chili Beans,2022-09-05,9,268
Australia,Chili Beans,2022-10-05,10,144
Australia,Chili Beans,2022-12-04,12,153
Australia,Crate of Bananas,2022-01-05,1,236
Australia,Crate of Bananas,2022-02-04,2,308
Australia,Crate of Bananas,2022-03-04,3,21
Australia,Crate of Bananas,2022-05-04,5,181
Australia,Crate of Bananas,2022-06-04,6,338
Australia,Crate of Bananas,2022-07-05,7,57
Australia,Crate of Bananas,2022-09-04,9,184
Australia,Crate of Bananas,2022-11-05,11,199
Australia,Crate of Beef,2022-01-05,1,476
Australia,Crate of Beef,2022-03-04,3,516
Australia,Crate of Beef,2022-05-04,5,178
Australia,Crate of Beef,2022-08-04,8,486
Australia,Crate of Beef,2022-09-04,9,62
Australia,Crate of Beef,2022-10-04,10,62
Australia,Crate of Beef,2022-11-04,11,169
Australia,Crate of Beef,2022-12-04,12,315
Australia,Crate of Clams in Gravy,2022-01-05,1,92
Australia,Crate of Clams in Gravy,2022-04-04,4,97
Australia,Crate of Clams in Gravy,2022-05-04,5,158
Australia,Crate of Clams in Gravy,2022-07-05,7,136
Australia,Crate of Clams in Gravy,2022-08-04,8,423
Australia,Crate of Clams in Gravy,2022-09-04,9,366
Australia,Crate of Clams in Gravy,2022-10-05,10,84
Australia,Crate of Clams in Gravy,2022-11-04,11,249
Australia,Crate of Clams in Gravy,2022-12-04,12,242
Australia,Crate of Granulated Potatoes 6x,2022-01-05,1,255
Australia,Crate of Granulated Potatoes 6x,2022-02-05,2,437
Australia,Crate of Granulated Potatoes 6x,2022-04-05,4,70
Australia,Crate of Granulated Potatoes 6x,2022-05-04,5,438
Australia,Crate of Granulated Potatoes 6x,2022-06-04,6,49
Australia,Crate of Granulated Potatoes 6x,2022-07-04,7,167
Australia,Crate of Granulated Potatoes 6x,2022-08-05,8,49
Australia,Crate of Granulated Potatoes 6x,2022-09-04,9,99
Australia,Crate of Granulated Potatoes 6x,2022-10-05,10,62
Australia,Crate of Granulated Potatoes 6x,2022-12-04,12,206
Australia,Crate of Helm's Mayonaise,2022-01-04,1,242
Australia,Crate of Helm's Mayonaise,2022-03-05,3,182
Australia,Crate of Helm's Mayonaise,2022-05-04,5,263
Australia,Crate of Helm's Mayonaise,2022-06-04,6,105
Australia,Crate of Helm's Mayonaise,2022-07-04,7,89
Australia,Crate of Helm's Mayonaise,2022-08-04,8,269
Australia,Crate of Helm's Mayonaise,2022-10-05,10,192
Australia,Crate of Helm's Mayonaise,2022-12-05,12,44
Australia,Crate of Plastic Forks,2022-01-04,1,209
Australia,Crate of Plastic Forks,2022-02-05,2,305
Australia,Crate of Plastic Forks,2022-03-04,3,262
Australia,Crate of Plastic Forks,2022-05-04,5,196
Australia,Crate of Plastic Forks,2022-06-05,6,146
Australia,Crate of Plastic Forks,2022-07-04,7,4
Australia,Crate of Plastic Forks,2022-08-04,8,53
Australia,Crate of Plastic Forks,2022-09-05,9,20
Australia,Crate of Plastic Forks,2022-10-05,10,21
Australia,Crate of Plastic Forks,2022-11-05,11,118
Australia,Crate of Plastic Forks,2022-12-04,12,261
Australia,Crate of Plastic Knives,2022-01-05,1,85
Australia,Crate of Plastic Knives,2022-02-04,2,414
Australia,Crate of Plastic Knives,2022-03-04,3,253
Australia,Crate of Plastic Knives,2022-04-04,4,5
Australia,Crate of Plastic Knives,2022-06-04,6,345
Australia,Crate of Plastic Knives,2022-07-05,7,13
Australia,Crate of Plastic Knives,2022-08-05,8,379
Australia,Crate of Plastic Knives,2022-09-04,9,255
Australia,Crate of Plastic Knives,2022-11-04,11,502
Australia,Crate of Plastic Spoons,2022-02-05,2,292
Australia,Crate of Plastic Spoons,2022-03-04,3,484
Australia,Crate of Plastic Spoons,2022-04-05,4,93
Australia,Crate of Plastic Spoons,2022-09-05,9,206
Australia,Crate of Plastic Spoons,2022-10-04,10,138
Australia,Crate of Plastic Spoons,2022-11-05,11,91
Australia,Crate of Strawberries,2022-01-05,1,154
Australia,Crate of Strawberries,2022-02-04,2,68
Australia,Crate of Strawberries,2022-03-04,3,388
Australia,Crate of Strawberries,2022-04-05,4,152
Australia,Crate of Strawberries,2022-05-04,5,345
Australia,Crate of Strawberries,2022-06-04,6,165
Australia,Crate of Strawberries,2022-07-04,7,260
Australia,Crate of Strawberries,2022-08-04,8,151
Australia,Crate of Strawberries,2022-09-05,9,63
Australia,Crate of Strawberries,2022-10-04,10,167
Australia,Crate of Strawberries,2022-11-04,11,509
Australia,Crate of Strawberries,2022-12-04,12,408
Australia,Crate of Tomato Sauce,2022-01-04,1,286
Australia,Crate of Tomato Sauce,2022-03-04,3,143
Australia,Crate of Tomato Sauce,2022-04-04,4,280
Australia,Crate of Tomato Sauce,2022-05-04,5,193
Australia,Crate of Tomato Sauce,2022-06-05,6,20
Australia,Crate of Tomato Sauce,2022-07-04,7,88
Australia,Crate of Tomato Sauce,2022-08-05,8,216
Australia,Crate of Tomato Sauce,2022-09-05,9,104
Australia,Crate of Tomato Sauce,2022-10-04,10,162
Australia,Crate of Tomato Sauce,2022-11-04,11,412
Australia,Diced Carrots,2022-01-05,1,13
Australia,Diced Carrots,2022-02-04,2,220
Australia,Diced Carrots,2022-03-04,3,116
Australia,Diced Carrots,2022-04-04,4,212
Australia,Diced Carrots,2022-05-04,5,149
Australia,Diced Carrots,2022-06-04,6,231
Australia,Diced Carrots,2022-07-05,7,108
Australia,Diced Carrots,2022-08-04,8,62
Australia,Diced Carrots,2022-09-05,9,64
Australia,Diced Carrots,2022-11-04,11,271
Australia,Diced Carrots,2022-12-04,12,29
Australia,Disposable Napkins,2022-01-04,1,515
Australia,Disposable Napkins,2022-02-05,2,144
Australia,Disposable Napkins,2022-03-05,3,61
Australia,Disposable Napkins,2022-04-04,4,200
Australia,Disposable Napkins,2022-05-05,5,70
Australia,Disposable Napkins,2022-07-04,7,97
Australia,Disposable Napkins,2022-08-04,8,234
Australia,Disposable Napkins,2022-09-04,9,63
Australia,Disposable Napkins,2022-10-05,10,182
Australia,Disposable Napkins,2022-11-05,11,2
Australia,Disposable Napkins,2022-12-05,12,25
Australia,Disposable Plastic Cups,2022-01-04,1,236
Australia,Disposable Plastic Cups,2022-02-04,2,178
Australia,Disposable Plastic Cups,2022-03-04,3,442
Australia,Disposable Plastic Cups,2022-04-04,4,186
Australia,Disposable Plastic Cups,2022-05-04,5,319
Australia,Disposable Plastic Cups,2022-07-04,7,167
Australia,Disposable Plastic Cups,2022-08-04,8,414
Australia,Disposable Plastic Cups,2022-09-04,9,195
Australia,Disposable Plastic Cups,2022-12-04,12,510
Australia,Disposable Styrofoam Bowls,2022-05-04,5,89
Australia,Disposable Styrofoam Bowls,2022-06-04,6,454
Australia,Disposable Styrofoam Bowls,2022-08-04,8,231
Australia,Disposable Styrofoam Bowls,2022-09-04,9,436
Australia,Disposable Styrofoam Bowls,2022-10-05,10,136
Australia,Disposable Styrofoam Bowls,2022-12-04,12,247
Australia,Disposable Styrofoam Cups,2022-01-05,1,497
Australia,Disposable Styrofoam Cups,2022-02-04,2,199
Australia,Disposable Styrofoam Cups,2022-03-04,3,185
Australia,Disposable Styrofoam Cups,2022-04-04,4,168
Australia,Disposable Styrofoam Cups,2022-05-04,5,164
Australia,Disposable Styrofoam Cups,2022-06-04,6,280
Australia,Disposable Styrofoam Cups,2022-08-04,8,411
Australia,Disposable Styrofoam Cups,2022-09-04,9,143
Australia,Disposable Styrofoam Cups,2022-11-04,11,176
Australia,Disposable Styrofoam Cups,2022-12-04,12,167
Australia,Fancy chopped Spinach,2022-01-05,1,78
Australia,Fancy chopped Spinach,2022-04-04,4,245
Australia,Fancy chopped Spinach,2022-06-04,6,106
Australia,Fancy chopped Spinach,2022-07-04,7,340
Australia,Fancy chopped Spinach,2022-09-04,9,222
Australia,Fancy chopped Spinach,2022-10-05,10,285
Australia,Fancy chopped Spinach,2022-11-05,11,61
Australia,Fancy chopped Spinach,2022-12-05,12,249
Australia,Frozen Chicken,2022-01-05,1,18
Australia,Frozen Chicken,2022-02-04,2,242
Australia,Frozen Chicken,2022-03-04,3,143
Australia,Frozen Chicken,2022-04-04,4,147
Australia,Frozen Chicken,2022-05-04,5,302
Australia,Frozen Chicken,2022-07-05,7,63
Australia,Frozen Chicken,2022-08-05,8,185
Australia,Frozen Chicken,2022-10-05,10,161
Australia,Frozen Chicken,2022-11-04,11,357
Australia,Frozen Chicken,2022-12-04,12,199
Australia,Frozen Chicken Drumsticks,2022-01-05,1,172
Australia,Frozen Chicken Drumsticks,2022-02-04,2,180
Australia,Frozen Chicken Drumsticks,2022-03-05,3,113
Australia,Frozen Chicken Drumsticks,2022-05-04,5,392
Australia,Frozen Chicken Drumsticks,2022-06-04,6,22
Australia,Frozen Chicken Drumsticks,2022-07-04,7,251
Australia,Frozen Chicken Drumsticks,2022-08-04,8,343
Australia,Frozen Chicken Drumsticks,2022-09-04,9,185
Australia,Frozen Chicken Drumsticks,2022-10-04,10,244
Australia,Frozen Chicken Drumsticks,2022-11-04,11,254
Australia,Frozen Chicken Drumsticks,2022-12-05,12,132
Australia,Frozen Fish,2022-01-05,1,163
Australia,Frozen Fish,2022-02-04,2,206
Australia,Frozen Fish,2022-03-05,3,245
Australia,Frozen Fish,2022-07-04,7,130
Australia,Frozen Fish,2022-08-04,8,128
Australia,Frozen Fish,2022-09-04,9,306
Australia,Frozen Fish,2022-10-04,10,165
Australia,Frozen Fish,2022-11-04,11,217
Australia,Frozen Fish,2022-12-05,12,30
Australia,Frozen Ham,2022-01-05,1,340
Australia,Frozen Ham,2022-02-05,2,144
Australia,Frozen Ham,2022-03-04,3,58
Australia,Frozen Ham,2022-05-04,5,35
Australia,Frozen Ham,2022-07-05,7,6
Australia,Frozen Ham,2022-08-04,8,197
Australia,Frozen Ham,2022-09-04,9,418
Australia,Frozen Ham,2022-10-04,10,354
Australia,Frozen Ham,2022-11-04,11,230
Australia,Frozen Ham,2022-12-04,12,222
Australia,Large Capacity Blender,2022-02-05,2,138
Australia,Large Capacity Blender,2022-03-04,3,73
Australia,Large Capacity Blender,2022-04-05,4,145
Australia,Large Capacity Blender,2022-05-05,5,135
Australia,Large Capacity Blender,2022-06-04,6,455
Australia,Large Capacity Blender,2022-07-05,7,188
Australia,Large Capacity Blender,2022-08-05,8,311
Australia,Large Capacity Blender,2022-09-04,9,37
Australia,Large Capacity Blender,2022-11-05,11,142
Australia,Large Capacity Blender,2022-12-05,12,91
Australia,Minced Garlic,2022-02-04,2,161
Australia,Minced Garlic,2022-03-04,3,275
Australia,Minced Garlic,2022-04-04,4,187
Australia,Minced Garlic,2022-05-04,5,168
Australia,Minced Garlic,2022-07-05,7,291
Australia,Minced Garlic,2022-08-04,8,476
Australia,Minced Garlic,2022-12-04,12,483
Australia,Red and Green Pepper Strips,2022-01-05,1,112
Australia,Red and Green Pepper Strips,2022-02-05,2,140
Australia,Red and Green Pepper Strips,2022-03-04,3,262
Australia,Red and Green Pepper Strips,2022-06-04,6,13
Australia,Red and Green Pepper Strips,2022-07-04,7,132
Australia,Red and Green Pepper Strips,2022-09-04,9,320
Australia,Red and Green Pepper Strips,2022-11-04,11,608
Australia,Red and Green Pepper Strips,2022-12-04,12,3
Australia,Set of 10 Food Serving Scoops Large,2022-01-04,1,152
Australia,Set of 10 Food Serving Scoops Large,2022-03-04,3,233
Australia,Set of 10 Food Serving Scoops Large,2022-04-04,4,39
Australia,Set of 10 Food Serving Scoops Large,2022-05-04,5,553
Australia,Set of 10 Food Serving Scoops Large,2022-06-04,6,614
Australia,Set of 10 Food Serving Scoops Large,2022-07-04,7,294
Australia,Set of 10 Food Serving Scoops Large,2022-08-05,8,115
Australia,Set of 10 Food Serving Scoops Large,2022-10-05,10,167
Australia,Set of 10 Food Serving Scoops Large,2022-11-04,11,437
Australia,Set of 10 Food Serving Scoops Large,2022-12-05,12,251
Australia,Set of 10 Food Serving Scoops Medium,2022-02-04,2,350
Australia,Set of 10 Food Serving Scoops Medium,2022-03-04,3,306
Australia,Set of 10 Food Serving Scoops Medium,2022-04-05,4,108
Australia,Set of 10 Food Serving Scoops Medium,2022-05-05,5,217
Australia,Set of 10 Food Serving Scoops Medium,2022-06-04,6,291
Australia,Set of 10 Food Serving Scoops Medium,2022-07-04,7,111
Australia,Set of 10 Food Serving Scoops Medium,2022-08-04,8,23
Australia,Set of 10 Food Serving Scoops Medium,2022-09-04,9,237
Australia,Set of 10 Food Serving Scoops Medium,2022-10-05,10,190
Australia,Set of 10 Food Serving Scoops Small,2022-01-04,1,194
Australia,Set of 10 Food Serving Scoops Small,2022-02-04,2,30
Australia,Set of 10 Food Serving Scoops Small,2022-04-05,4,47
Australia,Set of 10 Food Serving Scoops Small,2022-05-04,5,103
Australia,Set of 10 Food Serving Scoops Small,2022-08-05,8,97
Australia,Set of 10 Food Serving Scoops Small,2022-09-04,9,424
Australia,Set of 10 Food Serving Scoops Small,2022-10-04,10,200
Australia,Set of 10 Food Serving Scoops Small,2022-11-04,11,50
Australia,Set of 10 Food Serving Scoops Small,2022-12-04,12,122
Australia,Set of 10 Metal Tongs,2022-01-04,1,136
Australia,Set of 10 Metal Tongs,2022-02-04,2,155
Australia,Set of 10 Metal Tongs,2022-03-04,3,417
Australia,Set of 10 Metal Tongs,2022-04-05,4,177
Australia,Set of 10 Metal Tongs,2022-05-04,5,332
Australia,Set of 10 Metal Tongs,2022-06-04,6,319
Australia,Set of 10 Metal Tongs,2022-07-05,7,310
Australia,Set of 10 Metal Tongs,2022-08-05,8,97
Australia,Set of 10 Metal Tongs,2022-09-04,9,217
Australia,Set of 10 Metal Tongs,2022-10-05,10,143
Australia,Set of 10 Metal Tongs,2022-11-05,11,159
Australia,Set of 10 Metal Tongs,2022-12-05,12,38
Australia,Set of Metal Forks,2022-01-04,1,189
Australia,Set of Metal Forks,2022-02-04,2,613
Australia,Set of Metal Forks,2022-03-05,3,256
Australia,Set of Metal Forks,2022-04-05,4,172
Australia,Set of Metal Forks,2022-06-04,6,18
Australia,Set of Metal Forks,2022-07-04,7,504
Australia,Set of Metal Forks,2022-08-04,8,74
Australia,Set of Metal Forks,2022-09-05,9,78
Australia,Set of Metal Forks,2022-10-04,10,153
Australia,Set of Metal Forks,2022-12-05,12,116
Australia,Set of Metal Knives,2022-01-04,1,138
Australia,Set of Metal Knives,2022-02-04,2,230
Australia,Set of Metal Knives,2022-03-05,3,182
Australia,Set of Metal Knives,2022-04-04,4,145
Australia,Set of Metal Knives,2022-05-04,5,240
Australia,Set of Metal Knives,2022-06-04,6,130
Australia,Set of Metal Knives,2022-07-04,7,145
Australia,Set of Metal Knives,2022-08-04,8,64
Australia,Set of Metal Knives,2022-09-04,9,160
Australia,Set of Metal Knives,2022-10-04,10,188
Australia,Set of Metal Knives,2022-11-04,11,252
Australia,Set of Metal Knives,2022-12-04,12,281
Australia,Set of Metal Spoons,2022-02-04,2,182
Australia,Set of Metal Spoons,2022-04-05,4,125
Australia,Set of Metal Spoons,2022-05-04,5,344
Australia,Set of Metal Spoons,2022-06-04,6,128
Australia,Set of Metal Spoons,2022-07-04,7,196
Australia,Set of Metal Spoons,2022-09-05,9,149
Australia,Set of Metal Spoons,2022-10-05,10,198
Australia,Set of Metal Spoons,2022-11-04,11,128
Australia,Set of Metal Spoons,2022-12-04,12,466
Australia,Set of Whisks,2022-01-04,1,36
Australia,Set of Whisks,2022-02-04,2,248
Australia,Set of Whisks,2022-03-04,3,118
Australia,Set of Whisks,2022-04-04,4,9
Australia,Set of Whisks,2022-05-04,5,231
Australia,Set of Whisks,2022-06-04,6,464
Australia,Set of Whisks,2022-08-04,8,331
Australia,Set of Whisks,2022-09-04,9,302
Australia,Set of Whisks,2022-10-04,10,318
Australia,Set of Whisks,2022-12-04,12,60
Australia,Sliced Jalapenos in brine,2022-01-04,1,81
Australia,Sliced Jalapenos in brine,2022-02-05,2,76
Australia,Sliced Jalapenos in brine,2022-03-04,3,175
Australia,Sliced Jalapenos in brine,2022-04-05,4,156
Australia,Sliced Jalapenos in brine,2022-05-04,5,172
Australia,Sliced Jalapenos in brine,2022-06-04,6,99
Australia,Sliced Jalapenos in brine,2022-07-04,7,217
Australia,Sliced Jalapenos in brine,2022-08-05,8,97
Australia,Sliced Jalapenos in brine,2022-09-05,9,166
Australia,Sliced Jalapenos in brine,2022-10-04,10,160
Australia,Sliced Jalapenos in brine,2022-11-05,11,185
Australia,Sliced Jalapenos in brine,2022-12-05,12,270
Australia,Stainless Cooking Pot Set,2022-02-04,2,311
Australia,Stainless Cooking Pot Set,2022-04-05,4,160
Australia,Stainless Cooking Pot Set,2022-06-04,6,294
Australia,Stainless Cooking Pot Set,2022-07-05,7,121
Australia,Stainless Cooking Pot Set,2022-08-05,8,165
Australia,Stainless Cooking Pot Set,2022-09-04,9,375
Australia,Stainless Cooking Pot Set,2022-10-05,10,325
Australia,Stainless Cooking Pot Set,2022-12-04,12,298
Australia,Styrofoam Cup Lids,2022-02-04,2,367
Australia,Styrofoam Cup Lids,2022-03-04,3,185
Australia,Styrofoam Cup Lids,2022-05-04,5,1107
Australia,Styrofoam Cup Lids,2022-06-04,6,150
Australia,Styrofoam Cup Lids,2022-07-05,7,174
Australia,Styrofoam Cup Lids,2022-08-04,8,182
Australia,Styrofoam Cup Lids,2022-09-04,9,264
Australia,Styrofoam Cup Lids,2022-10-04,10,546
Australia,Sweet Peas,2022-01-04,1,327
Australia,Sweet Peas,2022-02-04,2,513
Australia,Sweet Peas,2022-03-04,3,58
Australia,Sweet Peas,2022-04-04,4,518
Australia,Sweet Peas,2022-05-05,5,107
Australia,Sweet Peas,2022-07-05,7,269
Australia,Sweet Peas,2022-08-05,8,187
Australia,Sweet Peas,2022-11-04,11,394
Australia,Sweet Peas,2022-12-04,12,144
Australia,Watermelon,2022-01-04,1,39
Australia,Watermelon,2022-02-04,2,89
Australia,Watermelon,2022-04-05,4,359
Australia,Watermelon,2022-05-05,5,271
Australia,Watermelon,2022-06-04,6,455
Australia,Watermelon,2022-07-05,7,107
Australia,Watermelon,2022-08-04,8,328
Australia,Watermelon,2022-09-04,9,74
Australia,Watermelon,2022-10-04,10,471
Australia,Watermelon,2022-11-04,11,269
